<?xml version="1.0" encoding="UTF-8"?>
<device.config>
 <Language.info>
  <Language LCID="2052" init="0"/>
 </Language.info>
 <device.info>
 </device.info>
 <Singledevice.info>
  <device name="A84" type= "1" vid="05AC" pid="024F" image="device_keyboarda98.png" image_none="device_keyboarda98_none.png"/>
 </Singledevice.info>
 <image.page>
 </image.page>
 <main.button>
  <user show="0" data="doc/User Guide.pdf"/>
  <website show="0" data=""/>
  <store show="0" data=""/>
 </main.button>
</device.config>
