<?xml version="1.0" encoding="UTF-8"?>
<!-- 键盘类型: 1: 61K; 2: 68K  --> 
<KeyboardLayout>
<LayoutA98 name="Keyboard" identify="Keyboarda98" type="1" image="keyboard//img_keyboard_a98.png" width="822" height="312">
<KeyItems>
<key code="0x29" name="esc" desc="esc" rect_left="15" rect_top="20" rect_width="42" rect_height="41" icon=""/>
<key code="0x3a" name="F1" desc="F1" rect_left="98" rect_top="20" rect_width="42" rect_height="41" icon=""/>
<key code="0x3b" name="F2" desc="F2" rect_left="142" rect_top="20" rect_width="42" rect_height="41" icon=""/>
<key code="0x3c" name="F3" desc="F3" rect_left="185" rect_top="20" rect_width="42" rect_height="41" icon=""/>
<key code="0x3d" name="F4" desc="F4" rect_left="229" rect_top="20" rect_width="42" rect_height="41" icon=""/>
<key code="0x3e" name="F5" desc="F5" rect_left="296" rect_top="20" rect_width="42" rect_height="41" icon=""/>
<key code="0x3f" name="F6" desc="F6" rect_left="340" rect_top="20" rect_width="42" rect_height="41" icon=""/>
<key code="0x40" name="F7" desc="F7" rect_left="383" rect_top="20" rect_width="42" rect_height="41" icon=""/>
<key code="0x41" name="F8" desc="F8" rect_left="426" rect_top="20" rect_width="42" rect_height="41" icon=""/>
<key code="0x42" name="F9" desc="F9" rect_left="490" rect_top="20" rect_width="42" rect_height="41" icon=""/>
<key code="0x43" name="F10" desc="F10" rect_left="533" rect_top="20" rect_width="42" rect_height="41" icon=""/>
<key code="0x44" name="F11" desc="F11" rect_left="576" rect_top="20" rect_width="42" rect_height="41" icon=""/>
<key code="0x45" name="F12" desc="F12" rect_left="620" rect_top="20" rect_width="42" rect_height="41" icon=""/>
<key code="0x46" name="PrtSc" desc="PrtSc" rect_left="677" rect_top="20" rect_width="42" rect_height="41" icon=""/>
<key code="0x47" name="ScrLk" desc="ScrLk" rect_left="721" rect_top="20" rect_width="42" rect_height="41" icon=""/>
<key code="0x48" name="Pause" desc="Pause" rect_left="764" rect_top="20" rect_width="42" rect_height="41" icon=""/>
<key code="0x35" name="~" desc="~" rect_left="15" rect_top="76" rect_width="42" rect_height="41" icon=""/>
<key code="0x1e" name="1" desc="1" rect_left="58" rect_top="76" rect_width="42" rect_height="41" icon=""/>
<key code="0x1f" name="2" desc="2" rect_left="102" rect_top="76" rect_width="42" rect_height="41" icon=""/>
<key code="0x20" name="3" desc="3" rect_left="145" rect_top="76" rect_width="42" rect_height="41" icon=""/>
<key code="0x21" name="4" desc="4" rect_left="189" rect_top="76" rect_width="42" rect_height="41" icon=""/>
<key code="0x22" name="5" desc="5" rect_left="232" rect_top="76" rect_width="42" rect_height="41" icon=""/>
<key code="0x23" name="6" desc="6" rect_left="276" rect_top="76" rect_width="42" rect_height="41" icon=""/>
<key code="0x24" name="7" desc="7" rect_left="319" rect_top="76" rect_width="42" rect_height="41" icon=""/>
<key code="0x25" name="8" desc="8" rect_left="362" rect_top="76" rect_width="42" rect_height="41" icon=""/>
<key code="0x26" name="9" desc="9" rect_left="405" rect_top="76" rect_width="42" rect_height="41" icon=""/>
<key code="0x27" name="0" desc="0" rect_left="449" rect_top="76" rect_width="42" rect_height="41" icon=""/>
<key code="0x2d" name="-_" desc="-_" rect_left="492" rect_top="76" rect_width="42" rect_height="41" icon=""/>
<key code="0x2e" name="=+" desc="=+" rect_left="536" rect_top="76" rect_width="42" rect_height="41" icon=""/>
<key code="0x2a" name="Backspace" desc="Backspace" rect_left="579" rect_top="76" rect_width="83" rect_height="41" icon=""/>
<key code="0x49" name="Ins" desc="Ins" rect_left="677" rect_top="76" rect_width="42" rect_height="41" icon=""/>
<key code="0x4a" name="home" desc="home" rect_left="721" rect_top="76" rect_width="42" rect_height="41" icon=""/>
<key code="0x4b" name="PgUp" desc="PgUp" rect_left="764" rect_top="76" rect_width="42" rect_height="41" icon=""/>
<key code="0x2b" name="Tab" desc="Tab" rect_left="15" rect_top="119" rect_width="62" rect_height="41" icon=""/>
<key code="0x14" name="Q" desc="Q" rect_left="79" rect_top="119" rect_width="42" rect_height="41" icon=""/>
<key code="0x1a" name="W" desc="W" rect_left="122" rect_top="119" rect_width="42" rect_height="41" icon=""/>
<key code="0x8" name="E" desc="E" rect_left="165" rect_top="119" rect_width="42" rect_height="41" icon=""/>
<key code="0x15" name="R" desc="R" rect_left="209" rect_top="119" rect_width="42" rect_height="41" icon=""/>
<key code="0x17" name="T" desc="T" rect_left="253" rect_top="119" rect_width="42" rect_height="41" icon=""/>
<key code="0x1c" name="Y" desc="Y" rect_left="297" rect_top="119" rect_width="42" rect_height="41" icon=""/>
<key code="0x18" name="U" desc="U" rect_left="340" rect_top="119" rect_width="42" rect_height="41" icon=""/>
<key code="0xc" name="I" desc="I" rect_left="384" rect_top="119" rect_width="42" rect_height="41" icon=""/>
<key code="0x12" name="O" desc="O" rect_left="427" rect_top="119" rect_width="42" rect_height="41" icon=""/>
<key code="0x13" name="P" desc="P" rect_left="470" rect_top="119" rect_width="42" rect_height="41" icon=""/>
<key code="0x2f" name="[" desc="[" rect_left="514" rect_top="119" rect_width="42" rect_height="41" icon=""/>
<key code="0x30" name="]" desc="]" rect_left="557" rect_top="119" rect_width="42" rect_height="41" icon=""/>
<key code="0x31" name="\|" desc="\|" rect_left="600" rect_top="119" rect_width="62" rect_height="41" icon=""/>
<key code="0x4c" name="Del" desc="Del" rect_left="677" rect_top="119" rect_width="42" rect_height="41" icon=""/>
<key code="0x4d" name="End" desc="End" rect_left="721" rect_top="119" rect_width="42" rect_height="41" icon=""/>
<key code="0x4e" name="PgDn" desc="PgDn" rect_left="764" rect_top="119" rect_width="42" rect_height="41" icon=""/>
<key code="0x39" name="CapsLock" desc="CapsLock" rect_left="15" rect_top="162" rect_width="72" rect_height="41" icon=""/>
<key code="0x4" name="A" desc="A" rect_left="89" rect_top="162" rect_width="42" rect_height="41" icon=""/>
<key code="0x16" name="S" desc="S" rect_left="132" rect_top="162" rect_width="42" rect_height="41" icon=""/>
<key code="0x7" name="D" desc="D" rect_left="175" rect_top="162" rect_width="42" rect_height="41" icon=""/>
<key code="0x9" name="F" desc="F" rect_left="218" rect_top="162" rect_width="42" rect_height="41" icon=""/>
<key code="0xa" name="G" desc="G" rect_left="262" rect_top="162" rect_width="42" rect_height="41" icon=""/>
<key code="0xb" name="H" desc="H" rect_left="305" rect_top="162" rect_width="42" rect_height="41" icon=""/>
<key code="0xd" name="J" desc="J" rect_left="349" rect_top="162" rect_width="42" rect_height="41" icon=""/>
<key code="0xe" name="K" desc="K" rect_left="393" rect_top="162" rect_width="42" rect_height="41" icon=""/>
<key code="0xf" name="L" desc="L" rect_left="437" rect_top="162" rect_width="42" rect_height="41" icon=""/>
<key code="0x33" name=":;" desc=":;" rect_left="481" rect_top="162" rect_width="42" rect_height="41" icon=""/>
<key code="0x34" name="&apos;" desc="&apos;" rect_left="524" rect_top="162" rect_width="42" rect_height="41" icon=""/>
<key code="0x28" name="Enter" desc="Enter" rect_left="567" rect_top="162" rect_width="95" rect_height="41" icon=""/>
<key code="0xe1" name="Shift" desc="Shift" rect_left="15" rect_top="205" rect_width="94" rect_height="41" icon=""/>
<key code="0x1d" name="Z" desc="Z" rect_left="111" rect_top="205" rect_width="42" rect_height="41" icon=""/>
<key code="0x1b" name="X" desc="X" rect_left="154" rect_top="205" rect_width="42" rect_height="41" icon=""/>
<key code="0x6" name="C" desc="C" rect_left="198" rect_top="205" rect_width="42" rect_height="41" icon=""/>
<key code="0x19" name="V" desc="V" rect_left="242" rect_top="205" rect_width="42" rect_height="41" icon=""/>
<key code="0x5" name="B" desc="B" rect_left="285" rect_top="205" rect_width="42" rect_height="41" icon=""/>
<key code="0x11" name="N" desc="N" rect_left="329" rect_top="205" rect_width="42" rect_height="41" icon=""/>
<key code="0x10" name="M" desc="M" rect_left="373" rect_top="205" rect_width="42" rect_height="41" icon=""/>
<key code="0x36" name="&lt;," desc="&lt;," rect_left="417" rect_top="205" rect_width="42" rect_height="41" icon=""/>
<key code="0x37" name="&gt;." desc="&gt;." rect_left="460" rect_top="205" rect_width="42" rect_height="41" icon=""/>
<key code="0x38" name="/?" desc="/?" rect_left="503" rect_top="205" rect_width="42" rect_height="41" icon=""/>
<key code="0xe5" name="Shift" desc="Shift" rect_left="547" rect_top="205" rect_width="115" rect_height="41" icon=""/>
<key code="0x52" name="Up" desc="Up" rect_left="721" rect_top="205" rect_width="40" rect_height="41" icon=""/>
<key code="0xe0" name="Control" desc="Control" rect_left="15" rect_top="249" rect_width="52" rect_height="41" icon=""/>
<key code="0xe3" name="Win" desc="Win" rect_left="68" rect_top="249" rect_width="52" rect_height="41" icon=""/>
<key code="0xe2" name="Alt" desc="Alt" rect_left="121" rect_top="249" rect_width="52" rect_height="41" icon=""/>
<key code="0x2c" name="Space" desc="Space" rect_left="174" rect_top="249" rect_width="273" rect_height="41" icon=""/>
<key code="0xe6" name="Alt" desc="Alt" rect_left="450" rect_top="249" rect_width="52" rect_height="41" icon=""/>
<key code="0xaf" name="Fn" desc="Fn" rect_left="503" rect_top="249" rect_width="52" rect_height="41" icon=""/>
<key code="0x65" name="App" desc="App" rect_left="556" rect_top="249" rect_width="52" rect_height="41" icon=""/>
<key code="0xe4" name="Control" desc="Control" rect_left="610" rect_top="249" rect_width="52" rect_height="41" icon=""/>
<key code="0x50" name="Left" desc="Left" rect_left="677" rect_top="249" rect_width="42" rect_height="41" icon=""/>
<key code="0x51" name="Down" desc="Bottom" rect_left="721" rect_top="249" rect_width="42" rect_height="41" icon=""/>
<key code="0x4f" name="Right" desc="Right" rect_left="764" rect_top="249" rect_width="42" rect_height="41" icon=""/>
</KeyItems>
</LayoutA98>
</KeyboardLayout>
